nsites,volume,space_group,elastic_anisotropy,K_VRH
12,194.419802449,124,0.0306879170543,194.268884359
5,61.9873198912,164,0.266909662868,175.449906754
2,25.9525385382,221,0.756489175202,295.077544987
4,76.7214332896,63,2.376805036,49.1306700392
12,160.300999362,62,0.196930245181,256.768080753
5,51.5749593941,221,0.420935745679,234.454509647
16,580.176940096,122,0.629264291238,36.2332855036
4,58.2583860619,225,0.174539880541,346.322761289
4,80.0549671203,194,0.591711771891,160.280885962
12,228.873768531,216,0.109312939247,131.974860422
2,73.9186497101,194,0.70048873511,8.73558120041
2,40.5233075296,194,0.34176884709,13.8322947315
16,261.069439707,216,5.04055917159,65.6266771853
12,256.696396269,216,0.159063263592,80.6590789768
12,256.79892115,216,0.0963446407146,88.6931427228
4,43.6855315409,225,1.1120580598,211.575063659
4,59.5354764493,221,0.295113964684,260.289475347
22,326.483638737,71,0.336648458071,153.481403783
5,53.7375443256,221,0.339484337372,213.076984204
4,61.7569748925,221,0.458202190726,219.049911869
5,55.3634485465,221,0.262171349028,214.478806441
5,52.1948648398,221,0.393739876369,216.753843035
12,247.603783177,225,0.000744156219336,54.4295521673
2,45.0084012637,194,0.0207887558064,107.972498567
32,523.464625553,225,1.22967342556,210.312118598
24,350.280230942,227,0.328693287671,94.1478259192
28,347.533629375,15,0.928,126.318
2,63.5912480923,166,2.74034051221,33.1623220471
8,137.439746473,62,0.422889871649,152.654742356
5,100.904911198,164,0.832850132306,76.9639228911
12,195.309705793,62,0.113005764126,192.145511691
12,195.753369045,62,0.220833926011,169.34783933
48,1099.83733562,70,0.176559069713,96.0166326713
12,186.026878245,62,0.171529606117,214.952793253
12,179.628509567,62,0.276074302505,221.400699086
10,204.806149302,71,1.80993190042,84.1434419505
5,69.4824226897,164,0.0483584855927,130.382765916
2,36.1630454135,194,0.239573792239,87.5403579133
4,77.5244588068,194,0.834197053682,76.5049886904
5,117.542544414,221,0.0736535531309,82.3694352922
8,236.847682052,225,1.85059495524,50.1333715597
8,128.50943206,227,1.49264603197,49.7943883705
10,174.766316674,127,0.260849780683,101.515756355
12,196.804433105,63,0.309202206221,131.919118005
8,161.96863758,216,0.814109160454,68.253065272
9,115.022626485,180,0.04819933347,174.498090186
5,69.2658713493,221,0.0833573775182,214.967767363
48,645.042687307,227,1.06729693237,138.937889822
2,57.2135113829,221,3.26390405584,30.5152855492
10,162.916084215,194,9.39531420532,160.933227154
12,173.448271687,194,0.114513286928,98.1164321959
12,212.13720636,216,0.112625916472,113.40134736
8,182.099041051,225,1.02078697913,58.191710702
12,310.575464981,194,0.0664446591064,40.289063565
4,56.6033811013,221,0.291308608378,319.664541464
8,89.9649422725,225,0.298672156457,323.936233216
16,288.475721035,225,1.10402109476,113.866190631
12,232.908094983,166,0.0655747739767,65.2176133541
26,404.141440195,139,0.0231684698761,92.8605099131
16,186.136644824,225,1.49778694401,203.115171869
16,185.504897314,225,1.01534872368,187.880732162
5,74.9260008224,164,2.31872455659,102.134361983
16,240.047696183,225,0.707012459472,134.711725253
4,58.3641825692,221,0.978353632766,294.463907243
4,65.2589168596,221,0.131852279676,64.0886202353
16,236.731362726,225,8.78075316977,141.404478825
6,88.3608227775,194,1.88994722435,122.912556849
16,196.89358626,225,0.412583976483,184.521485556
5,81.3950879482,164,0.113061984143,128.601571374
8,118.957379761,198,0.0135903204447,184.177759974
5,81.5379347822,164,0.115240677879,153.487246838
6,87.1947427121,139,0.77664201384,255.09638869
24,337.718287979,70,0.271599680881,167.317248161
12,208.638176717,194,0.159301109125,111.94862025
2,45.1642741353,166,3.75044063285,42.8330650461
26,400.432355882,139,0.0357960624318,100.798018869
6,104.12956576,139,0.325,66.933
16,197.62779432,193,4.36693034018,148.060235626
22,418.16147679,217,0.0309311742954,131.563643103
9,115.024981442,181,0.0481293570979,174.571650387
9,107.074332033,181,0.0225618174437,195.428406155
2,65.8409187428,194,0.022764491842,41.3464283085
8,125.290754144,223,0.664419122146,288.168360516
9,198.513256932,189,0.189131186431,72.0081775311
9,245.729639126,189,0.251659754254,58.8975977843
6,128.235078778,194,0.197344573648,70.2846905741
26,437.240506288,204,0.000664007692238,91.6750655316
8,198.528083666,63,3.15522128669,59.583134177
2,46.8896865704,221,3.74908134232,64.8770714744
12,320.661554751,62,0.327840917519,54.6187693946
4,77.3201039222,221,0.000421530593019,76.3174464751
4,67.6841579948,221,0.877903966608,98.8092526748
12,234.526119206,62,0.620835527633,58.4165032504
6,102.384739547,139,9.1712388335,123.701145334
2,39.742499563,221,0.548240033338,102.787192456
2,35.2916294831,221,2.73804162736,137.281192817
2,47.1720071741,221,0.0189065619548,86.388139102
12,101.801260368,194,0.0100455413653,163.159846441
10,143.800412124,127,0.0274714649253,165.10967723
12,126.965129474,166,0.0635967511887,154.710986148
12,118.898173872,194,0.00345603502712,242.304358838
2,21.687729804,221,0.143774347033,206.582759461
6,62.4449362156,191,0.287065839527,108.47114407
12,179.348330974,140,0.115723638626,186.817992061
2,25.2104658267,221,1.39942942565,125.896576784
8,115.388802408,62,1.51784474325,214.868679024
13,113.718451815,191,5.65736741659,121.634688662
12,116.433695361,194,0.0122554092373,160.056870297
12,126.356840266,194,0.00574865533918,217.996689552
2,55.1955902461,221,0.598015022024,35.0244661788
3,79.4606706567,191,0.913144436618,37.5310387774
10,310.724680725,127,1.42770557929,30.3792817166
2,33.8181884725,221,0.0662770977979,165.681249553
4,109.09240477,221,0.0703659913683,43.3535896032
6,144.556260359,139,1.71260340657,37.3512082895
2,29.2022377,194,0.135613084271,300.187337173
4,82.7195103866,123,0.995860806567,72.6960402398
4,86.5537791887,51,0.166739668449,43.2387467595
8,125.968850293,139,0.604122627605,200.077213526
12,208.014645381,191,0.0905448823503,84.5044697073
4,48.5451306412,221,0.751763237584,146.85075593
12,243.969271355,216,0.146220962238,63.1475331377
2,29.4012244695,221,1.83648263127,128.365789846
8,67.991523695,225,0.158681043548,69.88112627
6,86.1074671525,191,0.13391835664,104.762263636
8,92.5702840925,194,0.133806714032,260.424715726
30,262.216321069,167,0.155,232.321
12,169.526860492,194,0.595866882046,192.321949544
3,25.719456339,191,0.140201065162,253.291634054
2,34.6417992022,221,0.0704834870799,229.230930365
16,259.015382774,194,0.0965326116062,178.51656751
6,117.384986746,139,0.995840727887,136.801693799
2,36.9426089564,221,1.29857358562,184.791822961
16,262.939691581,194,0.078649093988,232.92282956
2,34.8590546279,221,0.332668499879,191.943100431
6,137.868608025,139,1.34431689621,40.6277336583
16,357.460984488,193,0.172822210412,42.9959925295
3,70.1181012914,123,1.79432571268,83.4766763659
2,44.0406545827,221,2.21942553684,75.8333814374
8,117.854079791,194,0.0909418203879,336.958408077
16,236.973583799,225,14.6597183198,36.9573682409
16,275.699304883,225,9.53057118841,37.5784946942
12,312.873087501,194,0.137157046983,42.8443838201
4,55.8130991342,221,6.88025993851,87.4711856013
16,220.943341609,225,3.86453783862,134.960007867
6,97.373436853,71,0.693425276646,244.360582359
4,59.8462228565,221,0.555683159759,270.555960559
4,57.5866879224,221,0.480347896353,230.485031535
16,238.959838826,225,0.0100597290161,230.519133991
6,87.3231776263,71,1.22921771185,190.135945762
12,247.343274735,62,0.393127564956,90.7379996567
12,209.674964274,194,0.183911320221,225.991663657
8,240.093772981,216,0.344295523666,44.6537938328
36,516.882549343,46,0.153616048356,202.248801497
6,103.453729958,191,0.196531740151,177.619679683
2,37.7859403477,221,1.93840631603,75.1904306288
26,401.779317303,139,0.102492249481,80.8823722006
4,105.777142137,221,3.54933958403,61.9185747501
2,32.5035573481,221,0.313617877347,254.641370338
2,30.0443193492,221,0.457202663428,206.535266856
4,56.234756062,221,0.665077571523,112.623621449
24,666.905787739,227,0.0754279021888,15.9849770871
2,34.7246472976,221,0.17302961123,81.1563903444
12,276.601106261,12,0.410809369069,101.896942956
8,294.161192539,227,0.335631215444,38.4897580983
2,30.5808805353,221,0.324963799846,114.636512973
2,46.6056117858,221,3.81081708606,48.418736208
16,210.088756614,221,4.92069654734,177.325737886
4,60.8690453163,221,0.33831649006,217.203794623
2,28.0483659818,187,1.96623587182,114.707017588
12,191.469044014,65,0.146808120256,108.174701065
6,111.312003947,191,0.0687410110379,113.435880798
4,55.6033876802,221,0.329322469178,250.717680647
12,257.703674517,216,0.179927138392,122.433850961
3,66.9415146223,123,1.16151620569,87.7434209598
8,189.100970299,216,0.727084319669,58.261604019
2,35.3017365101,123,0.577775143698,136.797101368
16,365.342524459,63,0.879203052238,76.9152590507
16,381.833377173,63,1.03355185777,60.0073708142
16,365.938684903,63,1.12305729937,66.0718418632
6,120.294736771,194,2.79814765035,61.0796469027
4,55.977504187,221,0.279616471035,307.183535226
4,52.0293703528,221,1.51679151439,159.312639978
9,133.220466922,181,0.0528862086355,174.577734134
4,61.7409137768,221,0.317292993194,237.057095434
6,88.6330504242,71,0.719687284089,246.364334591
2,44.6371147243,221,3.60989296935,67.0415808284
10,183.826593039,139,0.358092210453,70.0251837377
14,209.931975547,4,2.915,44.713
2,127.431560672,229,3.05147014987,8.85682289679
24,229.445420896,216,0.0244318500299,137.578070668
9,107.074577307,180,0.0224810238379,195.535564151
8,146.183552897,62,2.423,23.943
8,126.714360493,223,1.71566106079,266.029101501
2,30.2720733321,123,0.179890223747,228.357481168
16,500.19024706,193,0.41205068875,36.4825683416
2,27.571155028,123,0.923117387928,233.046986865
8,104.559625538,59,0.592973454826,139.580066642
4,56.654690069,123,0.547193204066,195.978281952
4,45.4872996918,221,1.49571346586,179.505900917
12,267.710851454,216,0.540339829909,55.447120847
10,174.90588553,87,1.06845061699,128.546023663
6,85.0058342552,194,0.126964885429,147.636454548
16,306.336981872,225,3.79008356392,36.7389437404
4,55.2152992804,221,0.382530349968,229.774545324
4,61.5812080158,221,1.26469164112,242.65533563
4,59.6160432609,51,0.17471119527,266.300254527
4,62.8718776411,225,0.600110782356,243.72306728
32,489.619919174,225,0.219149771128,244.765196137
12,367.656745317,62,0.278284749986,24.8023720487
10,175.125964641,87,1.78297849136,143.784306029
4,74.8608696812,221,7.65055439864,115.397199993
19,167.060822575,166,0.0124941711033,127.135943089
8,76.9606644533,225,0.231529469505,151.49743407
12,208.081124943,194,0.0386441008474,120.275181013
12,159.370782737,194,0.10656502118,232.69634037
26,221.674219129,139,2.29906413438,124.118870492
2,33.5266058193,221,8.74315315053,115.999704502
2,33.5260774017,221,5.61620014227,116.306292468
12,158.394958399,194,0.0834180999433,242.600071514
6,104.037773713,139,2.65237350323,65.4988636148
9,197.850858726,189,0.447252782978,70.1809317852
13,227.154538246,191,0.219237965263,112.526406143
14,335.521748849,148,0.124225915687,52.2748867777
2,73.8011213162,229,5.56370569757,7.51221499416
16,256.92118908,11,0.266024610141,249.902917972
8,99.4257771975,223,0.0616988153484,264.372076146
8,207.850474289,63,0.588202699599,46.8277446195
12,189.931290245,62,1.37448528599,114.960905125
16,251.658013493,139,2.79106194622,130.031993085
8,119.182702428,223,0.212919021875,251.633350862
8,118.089247354,59,0.743801770677,112.010917136
6,88.5872717836,139,0.4772308998,136.788246233
12,232.459937706,141,1.39935606964,84.8371882292
12,245.159288185,140,0.338668681399,113.219898711
16,201.155574357,225,7.12950444956,130.547092815
2,27.643864274,221,0.279655200746,283.784605384
3,49.0338316695,123,0.526451319086,90.124245904
8,100.269129273,59,0.607290804787,133.027502384
2,27.8904156552,123,0.620609685894,274.303719251
8,72.03986574,225,0.0662633808988,306.758645206
6,66.9571448653,58,1.629,203.591
2,31.8478952914,229,0.184642880292,262.389752861
24,371.928882763,227,0.228526953195,114.943455015
9,181.580358047,189,4.01275460631,92.5749778948
6,95.0733425766,139,0.849687821191,203.296021651
8,112.035535053,194,0.0218671088052,136.910119293
2,22.8545562995,229,0.60960232047,182.459240802
12,319.539731022,63,0.671125906025,58.1225569115
16,178.09745264,216,1.93037209184,211.256905241
9,214.173467669,189,0.318030777575,57.4400111537
2,47.0548349073,194,0.280990739681,94.1291217275
8,117.243078882,194,0.554086971189,106.418485103
152,2398.90616431,62,0.288624306981,36.0887724495
6,97.3052627366,139,0.737576106715,142.093083432
32,757.457445684,204,0.190349184774,82.9344480643
9,194.398364461,189,1.3754722256,59.5735038096
24,381.140547428,216,0.214662746113,92.0463039661
2,84.7945755481,194,0.364763695583,17.4924694648
6,131.342460401,186,0.156112471314,75.8205294514
6,116.736285515,186,0.110621958173,84.1782363798
12,230.730190613,140,1.10745757631,72.7265955971
16,486.28985798,61,0.206712939137,38.9969365897
3,74.6542994377,191,0.309164390767,55.7033902913
32,463.821772582,140,0.0848220780777,241.252888302
3,69.4505479025,166,2.40792123633,61.5648372931
2,23.9984461956,221,0.200423188214,196.130111886
16,243.78359159,12,0.393636772323,205.090150512
12,243.768136058,194,0.0516881534165,47.753661746
4,60.7874079016,221,0.240984381141,313.421049515
4,65.8586518468,225,0.651582249453,83.2770204697
8,176.842165894,225,0.00773591849673,68.3565084635
24,515.757325187,141,0.741884595882,36.3650636092
28,420.836224421,12,0.400473463456,88.0678424392
24,555.459390269,63,0.723423860201,101.011187988
6,76.4350774091,139,0.599347334699,166.355184797
16,215.629530985,63,1.37566518876,161.751650492
42,310.289644607,166,0.196,226.906
12,191.00327128,62,0.196540339399,189.66670987
2,40.58343136,229,12.1770176374,14.0128769707
12,205.203615324,194,0.0069547014553,81.4061290988
12,282.991842001,205,1.13507091595,84.4596244457
16,259.15901296,63,0.821129482131,173.344080893
20,346.716585111,12,0.183230564591,122.170542489
2,32.4369238546,123,0.822337494985,258.701875616
12,257.714106871,225,0.000590242958862,52.8552188751
12,258.293616558,96,0.371792505033,52.9577744137
32,758.449525233,64,0.640893493263,64.1378893847
16,224.422159662,139,1.5161903333,137.969164307
8,111.284273136,223,17.3927094472,159.329994897
2,110.652986871,194,0.355286671669,11.4723510973
20,528.115228841,68,3.35773731369,51.2062079603
2,27.3112290894,221,0.435178875919,252.416430032
8,141.134823834,11,3.56218745371,104.07011952
2,37.9052228877,139,2.16717947671,49.3663366187
24,443.644887481,227,0.075967560074,222.882219356
4,78.3251707061,51,3.47879867871,89.7832011687
8,142.190871512,223,3.77794388953,119.822379134
8,162.756829423,64,0.149227407289,49.6662127862
9,181.034553284,189,0.345502210256,62.0890626472
24,323.218484012,227,0.0330772780543,198.906534365
8,92.463396581,198,0.000160589536151,209.610896011
16,307.102709732,227,5.66849932264,34.8336956557
12,321.673683993,74,1.22977225753,34.4266460141
8,139.318049022,223,0.571314773025,222.785225353
2,26.9463339454,229,3.42066105173,179.460906877
13,169.790383326,166,0.069610355967,278.014870152
26,219.127605907,139,0.0874154067414,140.522798747
8,94.0286049612,216,0.137433873538,160.51811417
8,137.69191797,194,0.233983782536,98.6314025187
8,105.842482465,198,0.0625650129342,221.451359082
2,24.2327180148,221,1.98946712484,161.5785726
8,163.541262124,227,0.301431323609,83.0112836733
20,351.514203392,198,2.2716820798,126.654957618
8,269.338441374,225,0.55613036697,41.3901908058
16,238.638499141,55,0.361126956848,198.824169355
12,210.243069516,225,0.149189072272,128.642752249
2,38.0585561534,123,1.03009478807,104.196656913
2,45.7495309437,194,0.411681773663,36.6512553993
9,141.194135547,189,0.187890044754,112.133282617
8,139.499364328,223,0.739739798806,203.72399387
8,167.085159387,216,0.525942573598,85.171368929
12,151.37091581,60,0.136852848364,294.336569413
8,120.086352064,223,0.223764732823,178.286013965
24,491.051655308,165,0.249182400224,57.367516997
8,190.553507282,63,0.148593646146,53.2686916925
9,116.897793223,189,0.171686187982,185.484664009
20,395.126139307,72,8.615398941,135.276000264
28,377.210717382,220,0.0414583562068,111.890569166
8,109.358253567,223,0.316075397759,216.60926312
8,100.604706214,223,0.313222273961,210.630750741
12,161.789779037,194,0.169837051725,196.805772541
16,297.18848881,193,0.0975639265846,141.417453735
9,137.671700508,189,0.489190799969,148.10477217
16,256.59084719,216,2.43898726585,53.2907649003
2,32.1779150019,123,0.16743118563,252.402875488
3,53.280666995,191,1.14646338326,175.036969869
8,100.537028558,223,0.243290439468,275.796276668
6,82.2146095681,139,0.0609160461292,218.479917385
6,157.68614064,194,1.01960301792,53.3045613833
12,298.84517623,216,0.360780845023,70.5401352455
6,128.27097424,194,0.824509792458,54.7327091249
16,316.987688577,225,4.00809588748,38.1622104629
5,93.2882602978,221,0.0389959674855,102.075847823
4,82.147974389,194,0.778757013389,71.6530544333
16,281.76266181,225,1.96666342117,25.8496818196
26,428.096432889,204,0.00348685204472,95.8980309993
6,99.7196816445,194,0.215702827769,128.112688265
22,331.786321774,14,0.133781551695,106.101780397
4,52.4350667171,221,3.36864168257,180.231692804
16,285.615103431,63,0.92780939842,89.2288803746
16,240.508192337,225,1.23382705847,107.848217534
4,81.7134745743,194,0.216570175799,88.97041145
16,265.788316167,225,0.832690909912,163.469991587
5,80.9608991654,166,2.05035946027,39.0647101228
16,187.94963247,65,1.35749995178,167.185870642
2,29.0501911565,123,0.948825586084,139.094193866
10,139.658726951,139,0.0520510464567,203.353890766
12,210.359506521,225,0.185296868,112.446751938
16,235.498681405,55,0.601263066596,155.616560165
16,261.42291912,225,0.266967295821,130.558593382
12,179.777437432,62,0.271902183989,204.536912476
28,458.809283383,63,0.187593258857,112.588410572
28,445.096226413,63,0.487817983568,111.568969506
8,111.73932795,223,0.478846679009,196.949670722
2,30.3997023467,123,0.923148676285,167.798743184
28,455.170959468,63,0.202307547652,107.279078749
26,427.510088401,204,5.52022116533e-05,94.8011786237
20,520.849447925,136,0.12551676716,58.4590452447
12,125.498621061,194,0.00310745623876,198.740295613
12,179.899311728,194,0.258051843871,100.29706268
32,635.865612029,167,0.0502459434189,59.8923950624
12,209.125164968,194,0.158953679539,262.211629976
2,21.1425999354,166,284.045653466,117.548006301
40,563.650033034,220,0.582726346474,119.621758549
2,35.2434295324,123,1.15036644236,109.589715378
24,360.120246632,51,0.267013539573,206.485205555
6,75.6547545928,139,0.0757037282894,186.266925475
16,263.991198055,55,0.311173513471,194.000994199
28,337.038535205,15,0.837,125.402
48,600.213751712,64,0.0268188870627,180.659896226
12,257.139381262,74,0.489352579792,44.504586068
28,429.691904383,63,0.20642622331,103.798144478
16,236.037602794,55,0.528600892368,205.124626234
10,212.422317624,139,0.323813282746,56.9225059139
32,553.201444981,64,0.389715448633,124.622772218
19,307.337914358,166,0.0510213534298,80.3099245119
4,84.5957898836,194,0.797640729796,103.961412671
16,378.198360466,193,0.0516538157689,72.0124591561
4,95.9940416545,194,1.02729628817,71.9181419103
24,490.790474757,185,0.253299724969,57.1149084874
2,33.9113988163,221,0.0901766142915,137.713924288
8,133.716542664,223,0.15545670352,138.996263735
28,433.174921884,194,0.0591987157628,131.049077517
24,304.686654388,227,0.0592062938104,243.377469713
96,1441.89442016,227,0.00806846453021,141.418273556
20,632.710502818,136,0.238103673647,28.6657448871
18,357.156160686,190,0.251585993499,118.613056949
8,133.444508897,194,0.128736741662,115.217535805
6,100.039253206,129,0.134980090605,92.1522363163
20,181.432304106,186,0.017403764659,242.406511719
96,1785.03273716,227,0.0214685709042,69.2599116707
16,224.836840844,140,0.0911678693251,299.001824373
8,128.294413443,139,0.170798803751,126.895706526
30,520.509879861,136,0.0732089300217,160.525371605
12,208.067597268,62,1.80645001729,133.393521002
16,184.319073336,221,0.672590162567,184.151059096
24,461.29061418,185,0.402100790023,69.6375648566
6,56.9246387967,58,0.360108889211,220.948293651
4,60.4188058961,221,0.221167208817,225.230460942
8,263.508569253,225,1.92881052274,39.5483426876
2,27.5079621682,221,0.0470681337341,229.308498659
8,106.79630374,198,0.663556210617,204.46442753
2,21.1785990824,187,0.132332843403,385.194239656
3,104.873097965,152,4.30842796251,21.6898178438
8,76.1784199214,225,0.0377135314912,181.289899901
2,40.8234419695,221,0.103663055538,108.733103683
2,27.4631799109,221,0.798909206229,196.690528486
8,139.005599891,223,0.713034531552,223.350793003
16,236.021083185,227,3.01831574966,42.3567461302
4,57.5749053808,221,2.84828865136,223.438850525
30,309.061543326,167,0.147,204.632
12,151.926334385,194,0.221280901736,208.803785744
2,32.4419249823,123,0.976298788416,115.053434248
68,866.522635064,60,0.116,57.166
12,100.64090092,225,0.247,78.875
2,32.1791497882,123,1.42814173481,219.792292259
12,277.738886919,12,0.400044836728,96.9726516142
12,219.093966624,62,0.571613268038,124.01255504
16,173.019064771,221,0.6910395397,218.279600012
12,143.523698305,62,0.255123186256,160.553278423
116,1833.91871005,88,0.0286645678501,132.900984564
4,83.6715931936,194,1.34852841633,127.294145114
32,514.222310992,140,0.0409724530877,214.711211696
12,127.791740885,62,0.126172203732,225.309425168
6,131.902693337,115,0.58319711523,96.1704027125
8,184.562277625,129,0.476838169089,70.2540346234
12,281.947248054,225,0.0574925641276,93.2712908048
16,220.577879928,225,0.00268457145247,181.401012676
6,102.818580705,186,0.47612629913,102.809176053
4,62.012445989,225,2.15468462667,160.471433407
4,79.9128702275,194,1.62210962132,154.596482019
12,189.620176873,62,0.887686312659,111.198806684
12,239.424565489,140,0.349944044005,64.1608623102
2,37.6160583804,221,0.945720071271,31.4531173114
12,223.400028243,140,0.338951673281,101.174684885
16,189.53218203,225,3.56727697821,175.122469815
20,280.540549224,116,0.0266958151094,201.524963104
12,181.471855836,62,1.25843406565,162.909422201
6,61.0689719377,191,0.354647160503,131.233035978
12,166.677967558,62,0.402031297444,148.392938619
2,31.4802129727,221,0.00353608830779,152.863737477
24,280.024428476,227,0.00126638979225,159.212294395
8,237.589108203,216,0.674777033173,49.1591509022
24,216.44187842,227,0.0112743076761,136.685688198
12,152.160327528,60,0.183717315236,334.175445605
22,429.545175455,194,0.0970110712751,104.97867656
12,167.038490465,194,0.513241389639,166.488822541
8,122.509866844,129,0.482186032967,135.422553921
5,53.829248453,221,0.233101507699,197.683998894
12,177.966652333,62,0.253258822266,235.425456751
24,493.532911017,107,0.316039896835,135.199266407
4,128.282211901,225,1.03963287749,37.3290442738
12,194.148718479,62,0.222368816718,147.84860517
8,149.827152821,223,0.228769974279,173.943284265
6,102.952954358,191,0.121516977667,126.541875744
16,182.390817494,225,3.92476006797,213.110230469
8,152.446455309,62,0.539202183386,134.74994903
16,239.084281678,62,0.818730434936,160.832109798
12,131.584162999,60,0.184186934017,244.055398965
20,495.769394415,68,0.944311771896,59.2236768112
5,56.7511216803,221,0.380373070784,205.743923741
6,123.76641226,58,1.11093640413,86.8116296046
16,244.961385618,225,0.264729976643,163.786824524
3,37.5993926034,123,0.116415823994,182.642522731
2,63.9626402922,194,0.613883390691,40.3638595825
4,57.8796114642,129,0.873025345224,130.49045121
12,266.707114019,225,0.0516837008283,110.136818663
16,215.20084907,225,0.865695123199,169.096679513
16,308.244177141,193,0.519048621459,106.700042172
5,59.0446283889,221,0.145030480851,208.624241392
12,147.665859177,194,0.133725111034,259.411488335
8,112.138082587,194,0.193647673532,129.06151053
2,23.0747224225,221,1.07565739034,189.17969787
6,131.197048699,58,0.665382876067,115.598567921
20,175.874978903,62,0.376308907264,319.821081302
4,75.1669607938,129,7.265,32.392
4,67.1321007904,221,0.310139849865,200.766213162
12,281.61456157,194,0.561528769662,64.2668143506
20,334.865859446,62,0.291541522587,123.73162141
16,217.803432717,55,0.607561085153,198.723082869
12,161.121517428,194,0.0340211303082,158.263390616
4,66.8366624145,221,1.13808417283,143.417315085
10,181.450999085,127,0.421969809556,144.949580813
12,217.388419271,62,0.909582825023,130.336024797
8,100.52210728,225,0.0211223120403,236.170533969
16,248.038919484,193,0.0963804950562,138.960046366
6,120.122385049,129,2.03428475604,44.6117221886
16,354.205598894,193,0.620442445725,113.461782298
4,69.2280693115,221,0.000312987426588,84.292535983
10,181.271817432,139,0.262232565379,172.899965336
12,181.275497753,62,0.166245690959,244.521515794
6,110.817985611,129,0.922683857613,88.9653641529
24,393.775150841,61,1.931,22.551
4,62.4812244933,221,0.841735709166,275.747287891
20,498.194551766,68,0.713359302888,56.4343491777
24,510.177939555,140,0.21344926038,68.2194665761
2,44.3150080617,221,0.271312039935,57.5753079154
12,156.667961431,62,0.176040374891,180.788286623
12,179.767929444,62,0.165803053444,258.599353373
4,49.6225189558,186,0.132448322776,129.640616382
8,122.417921889,223,0.652797634757,162.641553442
12,198.262192325,62,0.22990960229,169.217728629
20,359.82471955,56,2.228,18.228
12,144.764544062,62,0.339002811498,209.417580946
2,35.3599207791,221,0.354351218612,185.339918309
12,240.879177175,216,0.270468302471,107.852802052
6,91.282959796,131,1.67175477494,142.522292467
16,226.154907403,225,0.513511847614,168.165816892
16,218.403300745,225,0.768577166598,175.006550134
8,239.835619887,225,1.30487875832,61.6664777588
58,1168.24699577,217,0.305112462183,49.6701642377
8,92.9290296883,194,0.144952680953,279.291033144
80,973.390341951,206,0.023,167.458
3,41.1435714511,191,1.83794385729,68.0679094294
8,188.655904612,216,0.538894095315,69.7813672078
8,237.026025865,216,0.588299810445,45.9820436638
4,59.324328831,221,0.7091505485,174.358565415
5,58.8410870828,221,1.01601372432,139.990017525
12,169.400670553,62,0.306599246483,162.367219154
4,88.9078433066,194,2.03910246757,89.268042722
24,515.296308568,140,0.330359541586,69.0271831096
16,176.459783693,225,1.55024561497,211.877557421
12,260.373717227,216,1.73736635033,80.0316048656
40,863.363262572,229,0.00717085609291,102.307231249
8,111.596309633,223,0.201284508571,217.710031446
2,30.4489954828,221,0.11929087711,120.996415226
5,73.4827374423,221,0.00295687675645,196.645227701
6,123.893353568,129,0.4208860443,89.4537355941
12,102.847654941,194,0.0158902177082,158.357589076
12,200.027883574,62,0.479969117032,188.50822905
13,232.117015659,191,0.215397162186,110.129827443
12,267.026543753,62,0.380856613357,108.406715043
8,81.5310122602,225,0.429815902357,172.361786717
12,195.547846987,124,0.0416897450295,191.258037929
18,313.938158843,190,0.287643468085,139.833027152
4,55.4394999746,221,1.64864576123,118.85855078
12,183.535625865,62,0.188232986739,154.856933591
6,142.341965426,58,1.99073609242,62.1228736361
26,321.830780585,139,0.0975136331376,150.708265399
12,166.495328867,62,0.445197018139,153.520846026
4,54.338180534,221,1.05498471372,141.752114532
2,28.1758382106,123,0.685535060945,201.193606027
24,407.476371535,227,0.335820510608,220.014252732
12,176.768955496,62,0.620805181845,139.4328181
12,184.554159053,62,0.52476162472,194.892000025
12,386.382479114,62,1.26888592223,28.9370963798
28,257.62659672,15,1.86071152257,219.998342508
12,230.036606492,140,0.255045081235,79.9002778087
6,64.6906591133,164,0.29306901732,236.367456554
5,52.8644200964,221,0.966237761199,230.120278959
8,185.032883463,225,0.166668927183,22.5904901421
8,345.618212214,225,1.41677824836,13.7924872566
8,108.383449241,14,0.947885594807,183.609372272
8,370.688844159,225,1.2900718214,9.51049958343
8,420.672287304,225,1.44310028105,9.65522712423
8,222.209854228,225,0.181320330437,27.0660839047
8,234.807459861,225,0.0208140970142,31.7078080889
8,124.856266849,194,2.83679616278,150.951154155
4,43.6385414461,225,0.843217873915,198.072254574
24,324.778910327,33,0.425,90.48
2,20.9813087137,187,0.150300855338,349.847926409
12,157.573303548,205,0.027,106.156
2,73.5672556319,166,2.46493501592,29.5052566054
3,42.93497918,164,2.79781017097,219.275854929
8,261.420344609,225,0.801540164012,15.8258283228
2,19.6075955693,221,2.69293007079,142.229599608
8,200.386841898,225,0.463532582711,39.5633255109
8,306.066710523,225,0.70606475131,21.6369265461
20,341.077298047,14,0.89,53.677
8,278.493489593,225,0.233327300368,15.7551633661
68,1036.21910024,63,0.414805325909,78.9472952649
8,301.117640567,225,1.08992565226,14.6234035603
24,324.450173363,227,0.027427060347,156.488963921
8,128.447831607,223,0.114033198076,166.493782273
12,153.589374182,189,0.22,49.321
12,316.917910948,225,0.0732252427832,40.7644534003
16,385.005919045,63,1.2938625245,55.8112846819
12,174.772778215,225,0.421,45.944
8,140.757098502,223,0.173713879391,118.553010992
16,325.219281759,193,0.134533425274,110.976699571
24,436.659182486,227,0.0800532839838,199.930878474
8,160.171684444,62,2.12926992286,101.038715329
8,64.8739694537,225,0.0970207796616,37.997683465
12,154.120331543,225,0.586144979669,176.911661371
2,30.5570440599,123,2.30920456104,133.581696967
32,824.778692959,204,0.134343344562,88.9138766924
2,52.1476715839,221,0.672790220761,65.0546032629
4,70.6211729173,221,0.332566544231,171.877604259
24,515.311312035,227,0.00166215087659,56.4633296173
12,340.053936299,194,0.129368896581,29.9680588066
4,59.7900340992,221,0.293849249048,248.872284368
12,235.160480346,166,0.36352993448,71.7453937716
12,154.191142208,194,0.170250923414,146.630839503
8,140.961648308,225,0.00684677049641,87.425172034
9,133.214288957,180,0.0526911970994,174.634873584
8,152.28608009,63,0.512253909088,117.126949589
8,166.962904421,216,0.39802162791,76.1868498328
20,282.641493586,12,0.143412851015,112.614961543
4,60.2466374021,221,0.201398564851,230.813312239
2,46.0646528803,221,0.938817667207,59.8049608196
12,332.357104549,62,0.322924585695,36.7105040293
24,328.69857615,227,0.329034336679,142.173408644
8,189.907125094,216,0.407775529631,60.737048126
2,27.7524409541,221,0.350606107576,253.946232383
4,27.9775749228,186,0.0754584920699,208.349306646
24,291.444620196,167,2.74,91.99
3,39.405020485,191,0.39767748469,128.485270229
8,117.969551459,139,0.246597340386,120.044061494
4,71.0304429616,221,0.345335747477,117.313253005
8,104.114616731,223,0.110094318841,195.779765895
24,340.295879312,70,0.402016577093,142.542353315
2,30.1425181429,123,0.0501791462225,189.534059353
12,175.267631725,166,0.204338775626,128.385081142
8,123.48429788,223,0.229502221493,224.924474102
6,81.7087010895,139,0.105889747204,206.594504361
18,383.844722734,87,1.01738632855,106.688208205
8,113.211690485,225,0.00177598594644,105.007058215
8,138.944586985,139,0.485804627062,106.737290372
4,70.1790173593,194,1.11401518075,93.5109399544
8,242.314352853,216,0.343694950013,49.2031808061
14,197.360041819,139,1.49841746126,132.374941915
4,67.6613100169,194,0.363208093764,136.688730337
5,133.512590224,164,1.0635087272,42.2081897287
12,223.276948949,225,0.839263279272,105.021923383
4,60.6118639056,221,0.236295207314,324.702260073
80,1224.98331619,206,0.102477905113,137.734881954
2,23.8148600748,221,1.07294024039,174.590959939
8,141.118374351,223,0.680860952767,207.216592235
16,316.166451621,64,0.188,31.891
24,457.92692672,227,0.282573550465,162.397078084
24,278.244833891,227,0.024055163709,167.593683928
4,64.776411147,221,1.21192637725,155.674262488
2,28.6539012869,123,0.748905599003,242.973532362
12,271.502381807,14,0.823338674598,103.847802982
2,36.4271753183,123,0.644955747156,115.102122548
8,239.323517425,216,1.02748054972,44.8367718317
6,132.341768369,58,0.565809882332,129.409112301
12,217.901486766,74,0.619911689427,79.9975822322
3,67.6638585869,166,0.090051467988,62.2134639013
8,120.322331832,139,0.585191191098,240.743942554
40,562.842227889,43,1.52,81.351
2,25.9883162202,123,0.4204430879,266.874637013
12,163.478312265,194,0.334545559488,154.849610324
22,334.412064212,12,0.268870287857,141.400351276
18,389.415458552,87,1.11177572697,97.6602544644
12,167.610784226,225,0.490957295453,76.5455908868
2,27.076803199,221,1.27139500583,72.7756280906
2,28.4542791127,187,0.826787282352,78.6971473798
24,265.871918068,227,0.0601420362127,123.620278559
10,162.849602917,166,0.167027478729,107.562287939
8,145.227665536,223,1.27457296894,183.763599024
22,273.225283385,12,0.141220099508,238.860830261
24,438.012006496,227,0.233784023351,196.129885678
2,17.4845013444,221,0.351075373434,195.110143586
2,36.5094632798,221,0.120620281138,114.018130034
12,195.383314265,140,0.204910980986,215.383682511
2,27.2129459825,187,3.96742936991,143.874800508
13,161.794284015,166,0.159240442869,170.522080782
36,536.989463067,55,0.52947736716,32.5878809732
28,258.576405563,15,1.5026767347,233.335593418
2,34.2917362159,221,0.357961885749,196.593481647
16,286.041051976,62,0.143368456164,126.328321683
12,177.43156044,62,0.305629157194,158.027039766
6,83.0252536855,191,0.389077475626,148.059288097
2,27.8728551648,123,0.897997522975,162.422104642
2,23.2351653164,221,0.209360608192,178.598091914
4,85.8156809684,194,0.56146310165,124.4878571
12,244.191831291,140,1.56291694916,98.3751285915
8,77.8075532903,225,1.16252928169,209.303669585
12,146.804271271,14,0.451077563464,183.051286451
2,29.7111218723,221,0.0978683366956,248.470914592
5,58.194143143,221,0.131568058475,192.083759497
18,305.192874343,14,0.0842305030028,156.102694281
22,344.482238591,11,0.391511207652,181.081265782
5,65.6446405414,221,0.107278795181,163.211279508
4,47.9652669951,225,8.85752994547,136.219771883
6,97.6672216746,191,0.0834221691243,174.086945115
27,460.60658508,148,0.350990389692,139.651115678
10,195.10120685,139,0.346317259284,61.3868613711
26,402.21550876,139,0.216111053518,119.557574603
30,485.381436317,8,0.192880752458,111.29799235
20,412.791461419,15,0.509337603272,97.1411309944
4,109.565228702,221,0.203736658648,49.3324155574
16,266.20304685,63,0.36633824108,77.9452355188
8,105.329164452,198,0.00385544597425,147.92919885
6,123.900999642,139,0.509664575266,133.850755057
16,290.028757148,216,7.87727509597,53.4923446427
16,281.177867854,216,4.57389147159,57.830483563
6,114.412208727,155,0.493045010466,115.242255115
12,278.44832765,62,0.505732805971,66.7847003022
12,105.729418111,194,0.0243433986858,182.77166645
19,168.95800058,166,0.038790601256,139.9840899
9,227.48125091,187,0.0398053923295,32.8082046346
6,112.000623096,191,0.166550915901,166.402374314
8,213.376754029,63,1.43238768025,32.260129158
16,549.450745771,63,0.66992275755,22.1311852712
6,151.787190976,139,4.16766587815,28.2120870975
8,175.728957171,194,0.0520508538327,39.8842394193
8,175.995459731,194,0.14998764726,44.7712697714
4,64.4815100644,123,0.296699912722,154.79928369
8,174.768724182,194,0.357689065805,61.0196614943
2,25.8278139888,221,0.545970316133,193.942907255
6,111.320989978,139,9.31955380877,91.4069981805
18,336.747199668,87,0.941910893146,89.3046065634
12,224.004588962,140,23.1772386386,86.3409697121
6,113.034706448,139,0.311171949587,123.368839906
20,255.406813804,84,1.39579380176,145.878884985
16,241.838122985,225,1.22202276639,177.222141641
10,140.267985195,139,2.83291233405,131.806377468
12,260.129575349,62,0.430125828403,44.5382820431
8,178.77755258,194,0.32272837465,63.7009764285
3,73.8988865223,191,0.281842527558,64.3844355921
8,194.155164863,194,0.277593948293,59.4364151653
8,150.714666092,194,0.634650170598,76.7752474336
4,60.9125340878,51,0.112559082466,334.192234647
8,118.408430998,194,0.0805823773731,351.265170583
2,40.7093278242,221,0.0697191034438,128.49798092
24,413.866390736,227,0.612659418537,136.494642612
32,487.899261879,225,0.28021113603,219.959954296
7,127.500304621,166,3.04255509628,30.1342551252
36,641.627405394,65,1.35270721346,27.62309891
20,368.439472946,11,2.99095007086,30.532298973
18,326.911660104,164,3.14487397234,29.6287070641
4,62.3605558478,221,0.667386050337,182.237690059
28,519.541679658,194,0.110738161914,70.8588610898
39,624.516965638,200,0.00578250096823,67.2754179119
8,115.797604316,194,0.056849926019,268.462764251
8,134.976723377,223,0.260980297829,216.811518142
24,364.851858767,194,0.00603346363461,140.673496779
16,228.010725825,216,2.6471227582,68.434808155
16,228.047762154,225,4.38201320834,104.176373034
16,222.211108916,216,1.93741506829,87.7391436377
16,225.80949527,225,4.031594177,126.875529908
16,216.966648455,216,1.03962309472,80.3181155409
16,220.386295146,225,2.62751747344,118.575046202
6,95.8235319518,71,1.90639321949,204.69064923
8,125.033531166,139,0.592842346861,214.211437803
20,315.739511344,63,1.78342695434,156.590415618
10,223.601310439,194,0.375016761696,101.780370672
12,197.722747025,63,2.51721099208,243.071336588
8,127.83117389,59,0.628484926015,261.537622142
32,502.443778432,72,0.520427364866,201.513883721
18,279.983789774,139,0.419666805391,241.602382817
4,60.9575173378,221,0.604453093287,213.416222608
8,116.131049111,194,0.0523372795531,282.95571441
2,33.2699946915,221,0.262627146627,144.197684309
8,151.102946821,223,0.285948391951,178.659973234
6,110.434063156,194,0.445047737902,115.365445979
12,182.715413289,194,0.0254808649229,105.985530142
18,253.109684148,139,1.0448775241,125.047976382
16,298.351412047,62,0.379369745315,71.517295091
6,103.479449179,191,0.143909769629,78.7424952549
26,412.395510731,139,0.125632973973,78.7434188393
20,396.702858904,12,0.156064725227,105.590753054
16,210.708070957,194,0.0584596163714,215.58865008
12,236.828732033,63,0.244708875115,88.4427016946
26,387.204275223,139,0.296892467537,103.206644416
16,244.365730913,139,1.78983186509,150.700633247
6,145.393963707,186,0.233642756015,46.1628956176
16,183.223542928,225,0.665092675234,196.022196412
16,198.254990442,225,0.0740866967134,184.560137098
32,467.529237418,140,0.129770539592,267.135743988
6,84.268860674,139,14.4601316226,112.502036461
16,382.232811129,186,0.0688723875237,62.198994475
12,242.469891694,216,0.0462017273022,152.573555824
12,220.902902787,216,0.0238571592211,164.457551722
12,252.251192827,216,0.068742005784,146.972883349
12,233.862244945,216,0.439730775626,140.560267083
12,213.049932243,216,0.258913558005,163.257593051
12,214.225293337,216,0.271490569347,155.93929563
20,429.582986537,141,1.00304251016,47.4486552129
32,716.742414047,63,0.924328385932,52.9014626468
16,178.969373121,71,0.111511884429,178.041297534
16,257.743058219,216,5.64856016131,81.3313698302
2,23.7372784359,221,0.639532371122,242.756144654
12,209.594098014,216,0.0366209955824,62.9925175434
8,141.695903547,198,0.00596395944927,139.089130006
3,67.1445802887,187,0.429971458728,57.09319235
8,191.152094668,227,0.317379434629,58.9776315749
34,449.188082475,12,0.212661853224,227.197331189
5,73.0934074409,221,0.222245579445,152.909427178
2,27.8788662352,194,0.0346537081731,307.524165494
2,38.6370315848,221,7.01232856857,78.187793801
24,341.839489444,227,0.121871149687,162.042951449
16,211.524602809,225,0.397151675044,202.773486986
10,158.727509232,139,0.132215740312,117.070705901
5,183.201037981,166,3.72869592399,15.2933536821
10,165.677733574,139,0.181763499778,155.50722375
12,140.124990845,14,0.385755367852,204.573432614
12,244.471985347,216,0.154649328451,67.6102881388
4,86.3269608751,160,0.46459831726,63.6046297732
56,544.773970174,227,1.23930891922,180.375591258
16,209.409447615,225,9.12639522065,123.79584897
6,79.6476788165,224,0.076,111.947
20,325.918454072,12,0.111462568029,119.756927793
16,185.259131518,225,1.07195991212,191.788405398
2,27.187242828,221,0.0119223548637,195.916057495
16,190.003325597,225,0.605528725888,201.334006711
24,356.164970341,216,0.0810474931195,100.273593346
4,56.451292076,123,0.698006958235,197.553754701
4,60.4714008923,221,0.309034888229,241.379142113
12,153.388900698,194,0.0531986949936,158.521438245
16,239.917684229,225,0.192335437316,136.240899137
16,206.310132034,194,0.0203710504886,237.472464668
2,25.4718535897,221,0.986200681213,248.092457372
5,96.4226621989,164,0.29221981743,63.9937464483
10,157.072514782,139,0.714135590525,127.573557467
8,120.614067785,194,0.00524607592037,135.396013187
8,120.91044806,62,1.41575194205,148.947350039
10,168.92040392,129,0.0491031237972,180.43635954
8,291.090918078,216,0.798828613358,35.3086379876
12,197.899787787,216,0.206476853739,140.939959476
5,91.8587527375,221,0.014948545163,101.734241172
10,136.958061577,139,0.136019192277,158.502768673
8,100.457826786,223,0.00194036836835,281.865560335
2,28.1403477163,221,0.435117953859,182.502247889
30,561.500808923,136,0.299174865304,195.306016745
8,97.0434881869,38,0.413209759503,167.261203588
20,185.443474701,63,1.81960734457,291.102393047
2,32.3608289835,123,0.0372289406876,237.166439936
2,36.2277441371,221,2.01977815983,79.4947036263
12,278.304984992,74,2.45877910687,66.560928501
5,117.313919571,221,0.0220388694693,79.6465865087
12,260.391750967,198,1.33778548325,84.152387106
12,214.715833464,62,0.237129002847,68.2281467711
4,168.768235215,225,3.74576499794,17.0051686401
5,55.139224038,221,0.316839895407,215.334203766
2,34.7187209741,194,0.0592305378061,112.976904145
8,159.571452879,225,0.279002484481,28.8691431954
10,166.776367366,139,0.146423615101,175.190607879
26,380.648839598,139,0.168889793339,123.097297949
16,524.487524124,122,0.520569359483,40.4091301365
16,220.069207556,225,1.87837656952,134.46165803
14,164.199870225,194,0.0397192498281,166.440302471
4,41.1929343147,194,209.960364633,121.962397403
4,64.5402878389,221,0.293660103194,199.514772343
24,271.429246921,141,1.01776038203,203.499523105
10,172.971714298,139,0.375355427423,132.072451912
12,228.193763038,216,0.176509290903,110.67696458
12,328.371941476,62,0.0823085872876,40.3638134165
8,140.256687367,194,0.119637203594,137.853006439
16,287.208095733,225,3.44736031997,124.120301596
2,28.7258565144,194,0.0184423046796,401.328615402
10,218.755848733,127,0.322356061562,61.9148524671
16,190.645389306,225,0.5180170804,192.224397836
12,290.969674913,216,0.0022284399532,96.8667702912
8,82.9691381178,194,0.159473208498,209.409133318
2,36.6780116406,229,0.0704510895861,193.705150384
20,262.480586332,57,0.402150060213,192.711084991
44,661.240155647,62,0.909759748595,163.277986018
12,238.675834665,216,0.000268222483119,168.107387263
36,549.402407959,92,0.0588602404458,142.185647464
6,120.122689752,115,0.51514234231,93.492827815
12,175.618268035,62,0.519749728829,191.496368119
5,150.826477692,164,14.9460060855,33.2807637029
16,178.649134103,71,0.086566960011,179.674870137
12,241.282850777,140,0.0252190620764,117.828084408
28,366.229358554,62,0.415351687089,232.283371259
28,339.799653381,59,4.73638319591,69.5823625684
16,152.163921536,62,2.50154188612,223.237869949
18,394.345733146,193,0.140645418595,111.699964019
10,147.303748666,139,0.19063417023,145.147562708
24,398.118113979,227,0.0122998612141,113.15620294
16,213.045649556,225,0.385915743159,192.044411609
9,132.165814911,180,0.0563579223972,185.564853908
2,30.2493938154,123,4.31265641495,134.949674374
16,219.603359562,225,0.0527426983552,172.350258488
5,61.281145397,221,5.14465979862e-06,172.738442602
10,149.962355228,139,0.12540883186,139.729086616
12,197.579440194,216,0.00115731568352,114.409784251
16,218.400419743,225,0.5903595847,150.006661607
2,21.7582528863,194,0.151308427605,212.075577044
24,338.59033341,227,0.16131190456,127.913682071
16,198.252506731,225,0.454971465976,177.69702463
28,406.894152576,62,0.221056548635,179.580629197
8,149.075297758,223,0.567499828792,185.238635835
24,432.407048525,36,0.559035361256,127.120561262
24,453.290177685,185,0.335260469127,66.0106581792
96,1468.41355729,227,0.0758871801752,77.2556364773
2,27.1909726427,221,0.17717273729,202.210807703
28,548.646930443,176,0.56349576223,58.6443954674
8,127.42605128,139,0.395548842861,107.484907172
16,178.304410275,225,1.07329666241,201.691114357
8,126.311853907,223,0.446872730155,168.452641664
8,129.287536914,194,0.166981166236,160.086962454
12,186.517983274,122,0.986,25.933
12,275.65114904,62,0.114557201263,50.3027392055
24,336.811211471,227,0.0956225882985,227.600269486
10,164.199549706,139,0.222344833103,92.9078694226
8,204.614402663,225,1.32255829641,64.7299817807
26,436.380854801,204,0.00130008677584,91.4193944599
16,174.920372567,225,2.60599669991,232.867825781
16,315.975141892,225,0.159444908602,107.756454917
24,293.221407474,12,0.351,180.127
12,277.651355657,216,0.557548998371,66.7629548565
10,249.28857961,129,5.80031448565,44.1821958449
24,360.10285956,15,22.302,43.115
4,70.9790946536,221,0.340770479968,126.26040562
2,127.474285801,194,6.04225699997,7.97920731075
12,281.44546015,205,0.523047150827,103.666859177
12,244.218199994,140,0.34325576217,108.143005616
12,145.162574077,194,0.0230574035391,184.068619372
15,334.178851965,187,0.491695699698,55.3757555507
6,144.267590956,186,0.219814990597,78.3604975992
24,363.499254921,227,0.000306872746427,201.170898361
3,104.781062444,154,4.22131821098,21.8138690976
18,290.285462384,10,1.62246220038,218.253692987
76,1271.40663139,220,0.375839046937,28.4174470411
9,114.378095311,162,0.174210880086,335.798240693
16,460.428010797,193,0.0745951231328,62.46271597
32,375.775748954,12,0.0629081791917,178.140458474
12,242.264073894,216,0.650942161869,110.480966484
12,202.178310882,194,0.0319840079767,237.196495065
12,194.652917187,216,0.490528061934,160.392511454
24,382.843285599,141,0.0854680637611,108.55984611
10,169.24270493,139,0.136801444733,166.330475175
12,198.497236485,194,0.0337588568961,189.909545913
10,177.560826018,139,0.410900223216,108.11191589
26,224.932042937,139,0.19539490063,136.972608113
16,263.900506046,193,1.65354357475,185.36000346
34,528.816001781,12,0.462952168197,147.328121636
12,262.580397939,140,0.253718010764,88.8507203299
12,156.207496683,194,0.0614638033351,228.470242118
12,216.546735725,194,0.154660593866,166.914128567
16,168.486153912,69,397.29786612,118.462872702
24,449.037405046,185,0.173351761909,75.5882537714
12,261.463489343,62,0.705749362351,66.8873592428
12,185.785073464,182,0.0353497293469,120.588945039
24,323.226512145,194,0.0565454485688,197.623834545
32,418.062172975,140,0.170758480293,193.759280274
10,168.312298612,139,0.191065776845,150.513241882
9,244.866958461,189,0.0881042656153,41.9684531988
4,59.667271469,221,0.525487179155,179.846011499
16,275.284844876,139,0.0731719976586,106.032894744
18,260.885761616,11,0.237763547093,180.915585837
26,218.530524151,139,0.0882732719672,144.260346055
12,157.882063961,194,0.100083290116,195.563984714
26,226.130191785,139,0.229426538647,133.150356046
24,492.042171027,216,0.500119792852,98.8685256099
10,218.168803352,12,1.12196072315,60.9221700804
11,131.237745063,166,0.0518790498192,189.073988853
6,125.580427504,10,0.0934720610215,35.1958113897
24,537.312744137,155,6.02487455886,40.5874580288
8,144.494509679,223,2.30106672482,202.791224747
8,110.929237762,65,0.369734951076,272.815977674
8,154.786011967,194,0.799964316771,70.7822175461
2,59.8530422548,229,4.74080625899,7.17361459036
18,400.394285183,127,0.868127126253,61.7912402983
12,226.554897245,220,1.80339954247,48.6151797148
12,204.989726842,62,0.412559354536,118.388673253
12,160.852382186,194,0.0310171356523,224.585347003
12,178.790935636,194,0.203707532603,189.574193994
12,293.004897425,62,0.772451020765,52.8652571927
12,260.021502198,216,0.244236074053,96.7954122486
30,561.583276454,136,0.296142437132,194.751451282
48,682.105501223,64,0.0702232609747,184.626728441
76,1193.73369445,220,0.926051982992,29.9529364844
12,171.264567441,62,0.28948984653,227.688314944
28,422.067472623,63,0.456395829429,105.967519111
20,179.672262364,63,0.308478102492,308.913403383
18,402.048963953,194,0.433926105969,56.1440806049
6,58.6853485027,58,0.867922247799,273.224488899
8,125.98238822,123,3.9464381955,161.786391688
32,514.01749419,140,0.220102999663,211.098317683
24,437.218161232,227,0.352931984592,162.746156187
10,187.888170682,139,0.507220752713,116.102639884
16,212.427279419,193,3.8621805051,183.755351876
24,298.337174587,186,0.109965445139,198.727155299
12,218.536719433,194,0.0938024106504,212.331641606
4,72.3907447189,221,6.06048438256,114.309666256
4,58.4091236812,221,4.80124983177,180.277104282
6,93.0325520812,194,1.82424721829,161.534154851
7,154.904797655,215,0.31182031067,59.0419363466
18,213.417677748,194,0.0449511354732,196.711948813
12,226.775315068,194,0.265120582506,202.848192241
12,201.863927689,194,0.233417436164,274.016768778
12,167.313641262,194,0.0561106580251,243.082916471
12,255.329217488,57,1.12901925351,61.8049732757
12,186.190811214,167,0.077715378729,118.534561628
16,375.043227643,225,4.93575798327,55.4386299267
4,63.2353788289,123,0.297799837413,162.556103438
8,405.087562705,225,0.897236331731,6.47613489793
32,488.731584614,12,0.300455406358,135.523929078
24,437.802027748,227,0.241092050064,122.646585059
10,133.830444901,139,0.0918942305847,190.499551267
26,216.213378085,139,0.0829180152918,129.8301893
5,211.78617649,221,0.793586502619,18.0539675327
12,194.213363135,51,0.412927303783,273.69176259
18,317.003157862,190,0.416812418459,163.345672185
26,220.108434241,139,2.26625624418,132.801112642
12,187.242507967,140,0.277292688056,221.749289191
16,185.899851176,225,0.00256859117885,217.579549105
4,51.7747612533,221,1.47312000115,146.377337079
40,628.855584314,194,0.336397768842,200.164245318
6,142.968623604,194,0.580629022112,52.4225198836
2,29.4000914997,221,0.345582996006,212.025564843
52,666.245171612,215,0.0034489609035,129.365675809
2,27.1075545792,187,2.89560941765,108.094799727
4,46.3786046762,123,0.486586858812,186.981620151
16,184.979928226,123,0.587278923461,191.525400062
24,362.88540762,62,0.741566629821,161.610983561
24,255.161401741,36,320.518304513,117.410033376
16,242.308964671,127,0.451571045182,217.883329266
4,46.9157518406,221,1.05220979626,194.198526518
8,45.5805802561,194,0.0398573228328,435.661487298
8,485.840077423,225,2.13057251642,7.38338053361
2,55.0375298736,221,4.70979569082,41.0771260132
8,81.4227341893,129,0.667021919071,200.663613121
16,235.687856578,62,0.0586827751572,113.240867902
32,348.117574891,13,0.234,184.997
10,139.427494088,129,2.491794133,133.111004039
20,337.994021868,213,0.301037558478,107.493092804
8,81.5110214013,225,0.0186273601769,252.644651678
4,61.1808228161,221,0.953824452042,184.31890329
4,60.7557494928,221,0.420909685934,178.093935637
12,195.428354123,62,0.247277361799,177.005248947
20,265.79329669,213,0.0377728295874,249.331206383
68,1037.10855228,63,0.625440109139,84.8957516024
16,185.658753155,123,0.433684946824,184.234911742
2,28.1452626877,166,0.841227345092,194.8273158
32,478.796813548,225,0.912462032978,102.104677776
24,215.411136735,216,0.0146740858267,145.902271775
4,42.5039790157,186,0.0343664084954,194.405488958
26,382.962814817,148,0.450462711166,149.707394422
24,378.189432147,59,0.186008294499,196.103321966
8,123.953165498,139,0.487243909003,188.891078159
2,49.5275588571,194,0.0356906008091,52.2280265366
24,306.679921655,227,0.127332736533,231.177269577
4,104.915362138,186,0.167220774838,53.3122685867
16,200.677059805,225,1.83150451904,225.310105151
34,529.758961974,55,0.229541200389,32.4873256092
12,175.377507813,62,0.21723005768,187.06966816
20,393.106664467,116,0.34596945216,127.080359333
8,103.203878629,225,0.0929437049201,47.5767829734
6,76.0503282752,58,0.158408334179,333.427417726
9,206.326317353,189,2.75352841282,54.6209617262
6,131.721785457,186,0.252179961196,82.1765223996
2,27.8233315177,221,0.799501728232,173.480837669
24,293.462063392,227,0.0512609962108,167.659240792
8,123.305463365,62,0.29843696672,174.184999287
10,148.13842508,139,0.135051828867,120.03780891
24,238.697873527,36,0.108,15.678
8,196.684685021,62,2.66078151073,21.1166705441
3,42.016741945,164,0.5889298007,255.963483659
8,119.431304053,62,0.370277862289,145.859654998
2,42.4350606129,221,0.00254513107377,70.2421136431
5,68.222695827,221,0.192821622236,233.701810709
14,144.560415077,65,0.21,142.678
8,76.3132019729,225,0.03,183.165
8,98.8784426947,216,3.616,129.992
4,66.1951145572,221,0.674796669002,145.747902692
6,84.5369347332,139,0.310080533542,190.911575632
8,118.283909074,198,0.0155002523749,147.90690373
6,140.619727372,129,0.410531995947,72.7400250033
3,51.4070529547,191,0.271835969555,113.078383599
13,179.899886026,166,0.179567259483,213.627471117
3,42.5882307495,191,1.6507261617,47.9551573517
8,92.1306907495,223,0.0572798344993,248.581925601
8,179.174473614,194,2.63607885418,43.0128340852
9,128.877824291,152,0.409,37.511
16,446.890446186,62,1.34715456443,55.5946372176
10,214.879992485,127,1.01453334083,67.9233578786
10,193.812296464,139,0.701269810191,92.9302863795
12,313.319874899,205,0.308797104198,71.1896268883
4,57.0572953376,225,0.298519547993,253.456719454
6,92.9149642888,139,1.03687165263,125.754995803
5,131.105597681,164,1.21296551487,43.7468513454
5,148.129391918,164,0.199807789538,38.8707732737
16,192.093566926,225,4.86035381799,104.064291233
2,36.663691812,229,2.71028407426,174.472038104
32,377.572293081,140,0.067940433235,223.751324315
16,404.704222996,61,0.294857749014,47.7876587373
13,226.250352557,191,0.289135173914,113.029594441
12,245.231150267,14,0.863127639995,99.4748020281
32,588.87556313,140,0.167123280699,162.308648268
8,150.985057029,62,2.17160170717,146.587584846
8,97.146411341,198,0.00272707333905,187.004052121
8,87.1053843306,198,0.00633993976562,210.506734509
32,488.198599454,123,1.37949067398,142.215985544
4,217.357483279,225,4.19456141244,12.0603289164
12,125.846496656,186,0.119208578456,213.098576892
5,106.251615282,164,0.267537660999,61.7809139065
2,26.4561552489,123,1.29326402475,132.966489545
4,62.8443968077,221,2.22230549081,139.742897057
16,315.154678653,193,0.0779267683061,89.0976829829
12,144.336402353,166,0.115128101679,248.094428793
8,85.364630265,62,0.0940311434436,207.157860211
4,81.3845828036,194,0.661043338441,53.6577153027
2,30.5254172287,194,1.49949345586,66.6659418615
8,111.014604615,198,1.67800271607,246.269737962
32,502.121531209,88,0.450375319322,52.043810625
8,159.24608627,194,0.672442988001,27.7618785824
2,30.1663577753,194,0.102637423727,365.085923653
8,125.305935752,223,0.379791452508,291.944530488
4,46.8829099793,186,0.130987205556,171.712878201
8,83.9440594096,216,0.492006498723,211.380017053
6,112.632997901,194,0.700096331075,90.4731515018
24,436.82325313,227,0.0137366868457,87.8057106764
8,112.017105054,62,0.420924503765,195.086040996
24,357.02229095,227,0.0231820000314,190.516359415
2,63.1162638601,194,0.540346403028,26.3776192639
2,26.5145133143,221,0.000317169334778,163.172025578
2,29.1925448856,221,1.42036537622,156.423388148
24,466.59795568,227,0.333181823552,94.2547243193
3,64.8048437866,164,1.66088409638,59.6830510041
8,116.211782937,223,0.900868952828,186.33358737
8,67.3458579919,194,0.547,72.768
24,460.854934243,227,0.264303088208,132.03465044
40,729.677275142,43,0.367035281269,113.94733292
20,396.008926781,136,0.461005115703,114.99169437
12,121.604327616,205,0.032,140.267
12,273.766244525,62,0.28042984561,82.0998393825
2,55.1835168724,225,1.04469900247,33.1547484213
4,72.2272087727,194,0.299562855897,86.3153176355
14,370.112526084,148,12.7843135331,32.3357647982
12,248.699625179,141,0.387085423513,60.056817883
36,467.079749119,46,0.397581902469,183.312295738
8,127.648168361,139,0.177489328118,132.791498373
2,15.8505270663,194,0.0249569966184,121.762926825
8,88.1560404278,198,0.0551544917762,211.464913098
8,118.369585623,139,1.28823117924,177.638794706
2,27.5244795635,221,0.400519695814,236.317898711
12,238.834891024,14,0.68027370886,66.0173585131
20,218.927491879,12,1.014,155.837
4,83.4634878103,186,0.183959250576,82.888562136
4,94.2558950675,186,0.205137440498,67.35917637
4,83.3669267168,186,0.19924709477,76.4353498355
2,36.1446479912,221,0.435605368427,135.979025709
9,122.148029737,180,0.0459699952992,207.288457624
9,122.838048546,180,0.0876823666144,220.927552469
2,29.3398446529,123,0.83429080508,171.967602
12,241.462236318,14,0.829206191272,60.0074799556
12,227.704211065,62,0.292970009363,101.93163886
16,186.241153244,71,0.358218459997,180.181831869
2,23.1619800167,229,0.394425491697,259.276840773
6,108.045295305,187,0.180237889631,112.806294056
6,124.979264669,186,1.3526855917,92.9897770007
2,32.4614976785,229,0.00747663555138,303.938013785
8,91.4887058495,225,0.215168551765,300.148044888
2,53.0835695005,221,2.25621909287,56.8926842253
14,269.138972086,12,0.192300872364,86.0710988808
24,434.889083057,227,0.325030631897,152.480681647
4,58.8815144888,221,0.34914991459,220.629335072
12,201.787587218,62,0.543331813499,149.079983531
10,261.144049131,229,1.36801065159,59.0480077327
2,56.2312715871,160,2.49586088484,29.5722969429
2,45.9159552617,194,1.02375211573,41.9099828765
18,291.736475242,55,0.760153727874,100.812005616
2,27.1448125227,123,0.550569613849,215.900120186
2,107.690974416,229,8.70232203321,11.543946868
6,92.9137926773,71,0.45175739318,271.531562082
4,61.5322070889,221,0.394922546046,118.98449705
9,141.305662171,189,0.804992763861,117.944577774
18,357.979183128,190,1.24430529355,31.9150209506
6,102.364235484,186,0.0372907176282,56.6342230927
14,343.902238981,71,0.279721645948,49.73922939
12,272.740979254,225,2.333,27.264
12,201.458847481,225,0.0945999935125,65.0247418818
6,122.768467759,58,1.11795348666,98.297313062
4,43.2238100664,194,217.148740655,102.717241387
14,148.61779023,176,0.375683047436,234.447964685
20,323.614059006,12,0.0529096135153,122.53083035
9,127.381165154,189,0.247897694659,212.444857046
6,125.138421349,186,0.251301763151,46.5232854323
12,225.06414224,140,0.0962248358965,141.07162345
8,121.520152227,194,2.22953794369,111.788114011
8,145.392094728,63,0.635889374265,101.326806676
8,174.123748447,63,0.454691275187,89.4181612612
12,179.147815716,140,0.735449491852,99.3845653006
8,180.206796419,215,0.20571802484,35.9386599323
